time (min),normalized mCitrine fluorescence (%),normalized Cerulean fluorescence (%),normalized mCherry fluorescence (%)
1210,48.835367644598499,11.1918145645172,28.267677409663001
1220,55.3851930891664,10.400745278847999,24.906109525405299
1230,56.812495120255498,9.6507294890418898,21.879658412008698
1240,57.032223044291399,10.7654897997853,22.597270531680099
1250,61.186976937862703,12.527632160677101,21.255647873164101
1260,62.7752640638884,14.2755636960778,18.3655546182557
1270,63.643393848361697,17.5172108886503,16.053248899314799
1280,66.8311218021408,22.322048885239699,16.659925812080299
1290,71.429793024474904,26.626350028421701,15.8013335336331
1300,73.614059612817798,30.3574812101308,13.142355293111599
1310,75.5094453264131,33.307016989831403,13.5907184210223
1320,77.156475281537993,37.205520116213002,11.803043784739501
1330,68.531689525558704,37.661845512537099,11.5557507193455
1340,64.552048749112402,41.014021347817902,12.616568635381499
1350,60.8594298971257,43.047748373650002,13.624230098108301
1360,55.172529176224799,45.327796374660501,12.725192692143301
1370,53.827020957805502,52.733215436114399,13.8345447612004
1380,54.609267238975498,58.528074275247903,14.1731282572773
1390,50.364168361409703,67.539316617191901,13.2532905000174
1400,46.939981931003203,77.142676687930305,14.1511723309104
1410,40.732946919533497,80.594328301648403,14.5960687336052
1420,35.305927448888099,86.654455883281798,15.314836428348499
1430,30.217980510765202,92.016674035242801,16.220807284745302
1440,26.608270841621099,94.860418114065595,18.113639252574
1450,24.889485405381301,100,20.877774824641602
1460,20.438043045852901,95.441482978588994,21.541074915931802
1470,17.4510817231725,89.649782100675793,22.165085454776499
1480,14.2916098137703,80.273795237794502,21.774501080462599
1490,12.3411991716517,79.302722162571797,23.058344985382
1500,10.554004364815199,75.819490936651306,23.526352889515401
1510,7.9804735861753198,57.072254152718997,19.241480522782101
1520,8.1838427476772502,62.7107939114507,22.6550492852768
1530,7.9317690886310199,65.780332217520396,26.332089164172601
1540,6.4542753997672202,62.985536537611303,26.396801368200901
1550,5.4348270618547003,62.617634055453799,29.910905161953899
1560,4.4752369232141902,61.062338154487499,33.864127483041898
1570,4.51315950908839,59.663361333922801,38.217178779019299
1580,4.0896906334930598,53.001642139834502,41.239007592128303
1590,3.7179005759027999,46.759931788037598,42.310225683811602
1600,3.7877971067297702,42.455630644855702,44.729999884442499
1610,3.93428238942034,39.3355649592623,48.970960398442401
1620,3.9398592402841701,35.2302153729552,51.351445046627397
1630,3.91011603567696,30.9022295206215,52.844448039566799
1640,4.0417297160639096,25.312638160803399,51.179264360909201
1650,4.6860418858678496,23.541021916250902,50.962016247385499
1660,5.5690432726447598,20.5741173498389,49.717461894912098
1670,7.0372422100687997,19.5193583022801,48.076545292764898
1680,8.1905349687138305,17.081412240257698,43.848296104556397
1690,9.83905208406917,14.2092465104529,38.411315391104402
1700,11.477159077811899,13.525547906271701,35.691091671770501
1710,12.868397473314699,13.7087096570454,35.679535921050999
1720,14.4410694169216,12.2023621549927,34.216577879981998
1730,15.3961980748711,11.414450830543799,33.931150837214197
1740,16.924998791682299,11.2518158277016,33.876838808833199
1750,19.2304689387996,11.403397966272999,33.436564706426203
1760,21.3069164104413,11.8486704983263,34.356402463686102
1770,25.8289988809119,12.605002210572801,31.7748477529843
1780,30.0584825760589,14.5787279732205,33.266695170851797
1790,35.166134387234202,15.8134908103328,30.3292233379942
1800,36.806100331264901,16.2208678077433,30.667806834071101
1810,36.480784030873401,15.903492705109599,31.284883922484099
1820,38.697396354226697,15.950862123413099,29.204848793001801
1830,42.241670973234903,19.5667277205836,28.957555727607801
1840,45.014109432685601,22.890481904882201,28.2642106844471
1850,48.881841401797303,24.668414071875201,26.532003651617298
1860,47.339656242912802,23.091012442367202,22.1881969562153
1870,45.983737902881003,23.135223899450502,19.689843650692801
1880,45.4364629381081,26.563190804016902,19.381305106486199
1890,44.515167175399398,31.210130739594501,19.469128811953201
1900,40.91400867758,33.990715594012499,17.509273489952399
1910,38.437886894028701,36.4018189856628,15.5887077203971
1920,35.684037937457497,39.529779574306801,14.7878941955465
1930,33.050277169487899,41.555611697088402,14.074904376162801
1940,29.8566005747874,44.527253205330602,13.0556871627166
1950,28.411452620934,49.6731510137055,14.3152639911252
1960,27.231762768200099,54.196930461693903,14.0229034979257
1970,27.9370485074488,60.576012126571101,15.9319135167616
1980,25.933100097037201,63.313964504515901,17.508117914880401
1990,24.728500310444701,62.278153224278398,17.417983059269499
2000,24.741512962460298,66.623507863323397,19.4252169592197
2010,22.433440284939898,68.208804395881998,20.569236280435
2020,20.974907889013199,72.6646876776353,23.0074996822168
2030,18.695463045927202,72.475210004421101,23.157724441568401
2040,18.612182073027,77.095307269626701,25.2597154974173
2050,17.729924266365298,77.327417419314102,28.071229647433999
2060,16.739847343002399,75.710541274553094,31.7656031524089
2070,15.298417289724799,74.202614791890298,35.350197025549797
2080,14.241789946053199,72.737320785700703,38.295757883911001
2090,13.113035331209099,71.941514558201206,43.242774766862702
2100,12.362391204934401,73.007326470030904,48.649710528444402
2110,12.4728128520387,76.847407313838204,55.327778869154201
2120,12.3207507184843,76.477925851070495,59.930434380669503
2130,12.1482401317624,77.617949851575801,63.815477772513503
2140,11.914384185538101,78.8653445335691,70.181540843800903
2150,10.555863315103201,74.668414071875205,72.677582999179506
2160,9.4910565901646393,75.334743889345006,78.035984607740005
2170,9.5438507783424598,75.784753363228702,80.251222020638494
2180,7.8090783696262198,68.155119055138002,78.686573373239099
2190,8.9504738464283893,68.5972336259711,90.348636999202697
2200,9.3731991419085094,64.968736183919603,92.360493199440697
2210,8.6541571705289204,60.437061832880701,88.859100731479003
2220,8.3292126601950098,56.259079138508199,88.393403977489299
2230,8.2994694555878006,51.5679277458473,86.587240140055599
2240,8.1202666478293093,43.0998547337839,75.998705755919502
2250,8.5805427391260292,40.144003031642796,75.657811109698798
2260,9.4345445014109401,37.702899008400202,77.185481354796195
2270,7.0387293702991602,19.6898882081728,63.323202791869299
2280,9.0263190181767907,15.393481968041399,64.5758461698464
2290,11.2760206566556,15.2797953641129,63.502316928019198
2300,14.0187159114991,15.2466367713004,66.351965055409806
2310,16.163944543795001,14.0987178677446,68.517512740215096
2320,17.533990906015202,11.883408071748899,66.549568392710597
2330,18.8679736326491,11.6402450577907,68.428533459676203
2340,20.810948473615898,7.9154297985220596,64.492644764667205
2350,19.920511285687201,5.7238047116781203,61.129921305337703
2360,20.823961125631602,4.54904313775027,61.164588557495698
2370,24.2589294677081,2.9621676245815798,59.809098998116497
2380,26.449516487030099,2.9874313143434499,57.998312860395004
2390,26.586707018280901,1.5789806101181101,53.199209586650802
2400,29.261736482642998,1.74635255479062,54.150247870853001
2410,32.8740486821901,2.0242531421714101,51.096062955729899
2420,37.212466864211102,2.87216572980484,50.001733362607901
2430,43.671575534726998,4.7527316364555103,44.668754405629898
2440,49.930661154259397,6.2543421966778201,34.994279903393902
2450,54.295476430369298,6.5969809890734696,31.193593491801199
2460,56.263732995252198,5.4948525232110201,29.5780995412367
2470,61.119311147381303,6.3980294321985802,28.569282503437901
2480,66.352627998022101,6.95540958757024,26.2881773114391
2490,74.165052478166601,8.0243794606202297,26.2951107618706
2500,76.745647267900793,9.3112486578664893,26.061684597339902
2510,84.180704839591201,12.6886881829091,26.6810728358967
2520,88.940732946919596,14.351354765363499,26.490402949027601
2530,91.182255204131295,16.244552516895101,25.4873637865884
2540,95.270830467451702,20.834649150508401,26.388712342697399
2550,93.497020102688396,19.574622623634198,25.296693899719202
2560,97.530198647427795,22.407313838185999,25.956527265793799
2570,96.424866806211895,22.292048253647501,25.466563435293601
2580,96.687722376928207,25.1421082549106,25.228514970475
2590,95.355970390639797,26.556874881576501,24.926909876700101
2600,94.068089631147103,27.7884797574686,24.118007326346
2610,88.686800337585396,27.717425630013199,24.2185423576042
2620,84.988976424792497,31.066443504073799,23.891514612246699
2630,84.543943725856906,33.878607970694098,24.839086171233198
2640,81.007104908000599,36.561296027284797,25.149935865583501
2650,76.763493190665102,40.559274932103797,25.1638027664467
2660,69.054054556473005,41.6140339796627,24.393034193466399
2670,65.030542553231001,46.292553527442699,24.168852629511001
2680,56.510601593492197,46.5436114444514,23.136924090273499
2690,55.827623257698797,53.132697530474303,24.5594370038249
2700,53.6749588242511,58.984399671572,26.129863526584
2710,50.554153080838297,63.776605823280498,27.599755018084799
2720,49.735471374024499,70.053053748500005,29.5931220171719
2730,46.158479229948398,75.033158592812498,29.063868634225901
2740,42.504154753893602,77.347944167245601,29.590810867027901
2750,40.472322089162702,77.720583591233506,29.779169603753299
2760,39.9098037320286,84.306511716036098,32.5109490738066
2770,38.4642839881176,90.286111286553407,35.022013705120301
2780,35.235287337945998,92.048253647445193,35.828605105330602
2790,32.093289561250501,95.670435167056098,37.085870783595396
2800,29.332748383642699,91.5698225225794,38.7787882639796
2810,27.809152727637802,91.992989326091106,40.918913297202302
2820,26.0940851919738,89.357670687803903,41.664259218600201
2830,24.7180901888322,90.437693425124706,45.060494355015798
2840,23.220891626916099,91.260342322996294,48.022233264383999
2850,21.863486126653999,94.391460872860407,52.1568808717658
2860,20.588618019176899,94.236720773068896,55.555427158325301
2870,19.835743152556599,95.686224973157294,60.928851242820897
2880,18.822987035680701,93.864081349081005,63.391381721113397
2890,18.4891195639646,94.847786269184596,68.071460762448396
2900,17.5421702872822,91.980357481210106,71.645654459941994
2910,16.983369830724001,91.108760184424895,77.2987277118458
2920,16.607861872557802,85.364428724815298,83.484521071911502
2930,15.120329852139101,74.213667656161107,84.250667344604096
2940,13.7621807717618,66.102444261984402,82.989934941123494
2950,13.732065777097,61.573927872165697,86.738620474479106
2960,15.015856845956201,56.091707193835603,88.706564821983704
2970,15.7334116571054,45.0704225352113,86.142343737360804
2980,16.312288776773499,41.110339165035001,86.389636802754794
2990,19.109637170082799,38.816080338533503,88.856789581335207
3000,21.652681164000299,39.1145076738458,88.138021886591901
3010,22.480657622253901,39.185561801301098,83.533055224932696
3020,25.312954280976601,39.812417103518001,79.249338433271404
3030,29.871100387033401,43.857765426640498,84.1951997411512
3040,30.0450981339857,44.9125244741995,88.9018570091405
3050,32.349452910930196,43.873555232741701,87.557923200480701
3060,36.135762857429697,43.472494157771699,88.4592717565897
3070,39.949585268190802,45.878860607591697,92.736055097819403
3080,44.293208511018001,46.395187267100297,93.244508129470702
3090,49.474474753596098,45.623065748752602,94.445150629210602
3100,52.448423424260803,41.572980483799597,92.121289159550301
3110,58.046838111455202,42.878797448367301,100
3120,64.813788949655901,41.992989326091099,94.779111824999603
3130,69.825147135915302,39.7824164719257,85.363486138877093
3140,74.371024170071607,41.5129792206152,91.230340779088706
3150,79.900285906554302,42.2945746226236,84.012618879785506
3160,82.610635426387404,41.686667087728203,76.603071518541299
3170,83.541597730593494,41.023495231478599,76.373112079226203
3180,85.354074261346099,42.542474578412197,80.289355998012297
3190,85.831080905234401,39.092401945304097,70.396477807180702
3200,87.456918827076805,37.706056969620398,66.759883055802604
3210,85.883131513297101,35.083370176214203,47.452534753920197
3220,87.413419390338603,37.652371628876402,47.301154419496797
3230,87.482944131108098,37.671319396197802,48.635843627581202
3240,82.960118080522307,35.688119749889502,45.588592162889803
3250,79.357100632414898,35.176530032211197,44.608664501889301
3260,77.821979484624606,37.693425124739498,45.537746859724798
3270,74.2100390751351,39.2471420450957,45.727261171522002
3280,69.122835717127302,39.562938167119299,41.233229716768598
3290,66.802865757763897,42.908798079959602,41.918485734425701
3300,62.544382438124799,42.264573991031398,40.321480985012201
3310,58.413051318181701,38.909240194530398,37.736459549094697
3320,55.692663466793597,39.6750457904377,38.4436714931186
3330,53.810662195271597,39.949788416598203,39.6396916925708
3340,47.776137770523697,37.507105412745503,37.578145764239601
3350,46.605742669229599,36.736562875007898,38.1097102973294
3360,45.6379731493221,39.387671319396198,40.651975455585401
3370,43.229888946309799,36.907092780900697,40.360770537458002
3380,42.754741252709401,37.254468515126597,42.006309439892703
3390,43.067788481200502,39.079770100423097,43.4981568577603
3400,42.27327312813,38.317122465736098,41.590302413996397
3410,41.935315965780397,39.024505779069003,41.8791961819799
3420,43.152556614330997,41.5319269879366,41.720882397124903
3430,43.269298692414402,42.417735110212803,43.659937367831098
3440,43.1733768575561,43.1314343459862,42.422316465789102
3450,42.652127196814497,43.797764163456101,40.578018650981598
3460,40.664909338994399,44.064611886565999,39.409732253255797
3470,40.551885161487,46.943093538811297,40.1261887978552
3480,39.8800605274213,51.482662792900904,40.291436033141899
3490,40.604679349664799,57.733847028358497,43.278597594092702
3500,40.886496213318303,62.972904692730303,45.149473635554699
3510,40.246645524205398,67.593001957935996,45.312409720697502
3520,38.376169744468697,68.873555232741694,46.019621664721399
3530,38.0538277645379,71.605191688246094,47.534580584027701
3540,31.586539712754998,64.570833070169897,45.6128592394004
3550,28.251582896170198,61.806038021853098,43.806695401966699
3560,28.1314947075685,64.810838122907896,46.909414470111003
3570,24.825909305533301,63.6739720836228,45.295076094618601
3580,22.373582085667898,65.829280616434005,45.600147913609199
3590,20.547349322784399,66.5698225225794,47.194841512879002
3600,17.2306102190215,63.773447862060202,47.555380935322503
3610,15.995151857649001,66.830354323248898,49.905820631637397
3620,15.068651034134,66.871407819111994,54.210337774593498
3630,15.093189177935001,71.445714646624097,60.035591712215599
3640,15.000613453594999,73.662603423229996,65.294613864589806
3650,13.890820131688001,72.279416408766494,68.644625998127907
3660,12.600336841792201,64.894524095244094,70.230074996822196
3670,12.7181942900483,63.055011684456503,73.568531379641101
3680,12.3378530611334,60.730752226362704,74.759929278805501
3690,12.482479393536099,54.830101686351298,75.887770549013695
3700,11.966434793600699,48.301016863512899,73.833158071114099
3710,12.2590335689243,45.6562243415651,76.514092238002306
3720,12.5289531507348,43.824606833828099,79.875660122259802
3730,13.695258561395599,40.114002400050502,81.836671019332798
3740,12.9829088110525,33.239120823596302,79.478142297514296
3750,14.4540820689373,30.725383692288201,82.330101575048801
3760,16.1141246760779,28.565338217646701,78.274033072558595
3770,18.530760050414699,27.100044211457099,79.133780926077804
3780,21.6050920366288,27.853217962483399,83.349318788495097
3790,22.125226327197499,22.5857386471294,70.026693784161694
3800,25.160148567307001,21.4867681424872,65.828489547823494
3810,27.889459380077199,16.685088107117998,56.973317771589102
3820,32.373247474616001,15.5908545443062,51.543270508568703
3830,38.276901799092101,16.350344217772999,50.723967782567001
3840,43.869367845365097,16.786142866165601,48.690155655962101
3850,50.9370968401563,16.2461314975052,45.315876445913197
3860,59.791277061668801,17.472999431567001,43.634514716248503
3870,64.080247166030304,16.415082422787801,39.467511006852597
3880,69.778301588658906,16.339291353502201,36.067809145221098
3890,76.403600414917705,18.126697404155902,35.9545627881716
3900,80.318921511400902,18.286174445777799,35.1965055409825
3910,85.707646606114494,20.040421903618999,37.151738562695797
3920,90.562852968185993,22.225731068022501,35.2635288951546
3930,93.996334150032098,24.4584096507295,35.4021979037867
3940,98.610992344842799,27.524789995578899,35.6737580456915
3950,100,29.575885808122301,36.271190357881601
3960,96.057910019370297,29.4669361460241,33.717369448906197
3970,96.674337934855004,32.607528579548998,33.0690918335509
3980,94.298227676795406,34.634939682940697,31.281417197268102
3990,92.788016462863794,37.023937346049401,31.120792262269301
4000,90.595570493253902,40.0461062338155,31.981695690860601
4010,85.415419620848496,40.868755131687003,32.5063267735189
4020,85.305369763801806,46.109391776669,38.174422501357803
4030,82.168205257855007,48.357860165477099,34.619873580087202
4040,86.528930843331395,56.380660645487303,37.059292556940903
4050,79.450048146812506,57.672266784563902,36.799288165755698
4060,78.172205718874693,62.848165224531101,36.377503264499502
4070,73.517022407786797,68.265647697846205,37.488010908628702
4080,67.030029482951605,71.317817217204507,39.763338225267802
4090,63.733367042298603,75.168950925282601,43.167662387187001
4100,59.725470221475298,76.710036000757896,43.7974508013913
4110,55.4413333878625,78.268489862944506,46.0542889168795
4120,49.423167725648703,79.2869323564707,46.143268197418401
4130,46.326528335979198,81.540137687109194,46.306204282561197
4140,45.041993687004798,83.3038590286111,47.302309994568802
4150,42.168428331889601,82.2080464851892,49.995955487248203
4160,37.560090568058001,78.140592433524901,42.105688896079101
4170,35.564321538913397,79.991157708583302,41.841062204606096
4180,32.667705200227502,82.269626728983795,43.295931220171802
4190,28.318505106536399,82.389629255352702,44.0239435154906
4200,23.964471742096599,74.649466304553798,43.9130083085848
4210,23.339120865229798,78.102696898882101,47.642049065717501
4220,21.579810312712599,76.4668729867997,50.143869096455802
4230,19.177674750621801,69.618834080717505,50.475519142101
4240,17.953370090977,66.969304616939297,51.423090701087403
4250,16.717911729604499,64.357670687803903,54.158336896356502
4260,15.542311567503999,61.799722099412598,57.9116447299999
4270,14.4496205882462,59.679151140023997,60.834094086922299
4280,13.2747640062609,56.592244047243099,62.285496377272203
4290,12.484338343824,53.9411356028548,63.928724129563101
4300,10.3034178659994,44.280932230152203,60.331418930630797
4310,10.374057976941501,42.667214046611498,63.231912361186602
4320,9.6349393424520908,38.456072759426497,64.084726764274194
4330,8.9657172387895692,34.813364491884002,67.502917827056606
